Nickname,Player Name,#,Position#,Position,Foot Pref,Player Status,,Position,Position#,
Tiago,Tiago Fabri Brenck,1,1,Goalkeepers,Right,Current,,Goalkeepers,1,
Jeff,Jefferson Tosti,6,2,Full-Backs,Left,Current,,Full-Backs,2,
Claudio,Claudio Comunale Filho,17,2,Full-Backs,Left,Current,,Defenders,3,
Ryan,Ryan Jobb,21,2,Full-Backs,Right,Current,,Defensive Midfielders,4,
Leo,Leonardo da Ruiz Correia,2,2,Full-Backs,Right,Current,,Attacking Midfielders,5,
Tom,Tomas Morais,25,2,Full-Backs,Right,Current,,Forwards,6,
Dani,Daniel Bruno da Silva,3,3,Defenders,Right,Current,,,,
Eliel,Eliel Souza,14,3,Defenders,Right,Current,,,,
Renan,Renan Gouveia,4,3,Defenders,Right,Current,,Year,Seasons,Position Seasons
Vini,Vinicius Totti,12,3,Defenders,Right,Current,,2024-2025,Winter,2
Alison,Alison Marangao,10,4,Defensive Midfielders,Right,Current,,2024-2025,Spring,1
Giga,Pedro Koster,22,4,Defensive Midfielders,Right,Current,,2025-2026,Winter,2
Vitor,Vitor Samone,5,4,Defensive Midfielders,Right,Current,,2025-2026,Spring,1
Diego,Diego Sampaio,8,5,Attacking Midfielders,Right,Current,,2026-2027,Winter,2
Felipe,Felipe Moreira,23,5,Attacking Midfielders,Right,Current,,2026-2027,Spring,1
Igor,Igor Paiva,16,5,Attacking Midfielders,Right,Current,,,,
Henrique,Henrique Noujeimi,19,5,Attacking Midfielders,Right,Current,,,,
Sam,Samuel Moura,7,6,Forwards,Right,Current,,Seasons,Seasons #,
P Bayer,Gabriel Lloyd,9,6,Forwards,Right,Current,,Fall,1,
Hulk,Andre Pinage,11,6,Forwards,Right,Current,,Winter,2,
Marcelo,Marcelo Ribeiro,20,6,Forwards,Right,Current,,Spring,3,
Gabriel,Gabriel Berenguer Vieira,,4,Defensive Midfielders,Right,Former,,Summer,4,
Juninho,Genelson Junior,,5,Attacking Midfielders,Right,Former,,,,
Bruno,Bruno Santos,,3,Defenders,Right,Former,,,,
Adriano,Adriano Brito,,2,Full-Backs,Left,Former,,,,
Dan,Dan Coutinho,,5,Attacking Midfielders,Right,Former,,,,
Osorio,Osorio Araruna Filho,,1,Goalkeepers,Right,Former,,,,
Coelho,Claudio Coelho,,4,Defensive Midfielders,Right,Former,,,,
Giovanni,Giovanni Ferreira dos Santos,,3,Defenders,Right,Former,,,,
Aleksandro,Aleksandro Pereira,,4,Defensive Midfielders,Right,Former,,,,
Ale,Alexandre Cesar,,5,Attacking Midfielders,Right,Former,,,,
Novais,Leonardo Novais,,5,Attacking Midfielders,Right,Former,,,,
Lucas,Lucas Mastelaro Cunha,,4,Defensive Midfielders,Right,Former,,,,
Luiz,Luiz Carlos de Souza Junior,,6,Forwards,Right,Former,,,,
Ramon,Ramon Jorio,,5,Attacking Midfielders,Right,Former,,,,
Ibra,Raphael Oliveira,,6,Forwards,Right,Former,,,,
Thiago,Thiago Bernardo,,4,Defensive Midfielders,Right,Former,,,,
