Nickname,Player Name,Player Status,#,Position#,Position,Foot Pref,Year,Season,Seasons#,Championship,Opponent,MP,GS,MIN,MPG,G,AS,GA,GP,SoG,YC,RC,PF,Injury,MVP,+/-,MVP,,
Claudio,Claudio Comunale Filho,Current,17,2,Full-Backs,Left,2024/2025,Winter,2,League,,,,,,1,,,,,,,,,,,,MP,Match Played
Renan,Renan Gouveia,Current,4,3,Defenders,Right,2024/2025,Winter,2,League,,,,,,4,,,,,,,,,,,,GS,Game Starter
Vini,Vinicius Totti,Current,12,3,Defenders,Right,2024/2025,Winter,2,League,,,,,,1,,,,,,,,,,,,MIN,Minutes
Giga,Pedro Koster,Current,22,4,Defensive Midfielders,Right,2024/2025,Winter,2,League,,,,,,3,,,,,,,,,,,,MPG,Minutes per Game
Aleksandro,Aleksandro Pereira,Former,,4,Defensive Midfielders,Right,2024/2025,Winter,2,League,,,,,,1,,,,,,,,,,,,G,Goals
Coelho,Claudio Coelho,Former,,4,Defensive Midfielders,Right,2024/2025,Winter,2,League,,,,,,1,,,,,,,,,,,,AS,Assists
Lucas,Lucas Mastelaro Cunha,Former,,4,Defensive Midfielders,Right,2024/2025,Winter,2,League,,,,,,1,,,,,,,,,,,,GA,Goal Allowed
Felipe,Felipe Moreira,Current,23,5,Attacking Midfielders,Right,2024/2025,Winter,2,Cup,,,,,,2,,,,,,,,,,,,GP,Goals Prevented
Ale,Alexandre Cesar,Former,,5,Attacking Midfielders,Right,2024/2025,Winter,2,League,,,,,,4,,,,,,,,,,,,SoG,Shot on Goal
Novais,Leonardo Novais,Former,,5,Attacking Midfielders,Right,2024/2025,Winter,2,League,,,,,,7,,,,,,,,,,,,YC,Yellow Card
Ramon,Ramon Jorio,Former,,5,Attacking Midfielders,Right,2024/2025,Winter,2,League,,,,,,20,,,,,,,,,,,,RC,Red Card
Hulk,Andre Pinage,Current,11,6,Forwards,Right,2024/2025,Winter,2,League,,,,,,16,,,,,,,,,,,,MVP,Most Valuable Player
Luiz,Luiz Carlos de Souza Junior,Former,,6,Forwards,Right,2024/2025,Winter,2,League,,,,,,4,,,,,,,,,,,,+/-,On-Field Score Differential
Ibra,Raphael Oliveira,Former,,6,Forwards,Right,2024/2025,Winter,2,League,,,,,,4,,,,,,,,,,,,,
Tom,Tomas Morais,Current,25,2,Full-Backs,Right,2025/2026,Winter,2,League,,,,,,1,,,,,,,,,,,,,
Claudio,Claudio Comunale Filho,Current,17,2,Full-Backs,Left,2025/2026,Winter,2,League,,,,,,1,,,,,,,,,,,,,
Renan,Renan Gouveia,Current,4,3,Defenders,Right,2025/2026,Winter,2,League,,,,,,1,,,,,,,,,,,,,
Alison,Alison Marangao,Current,10,4,Defensive Midfielders,Right,2025/2026,Winter,2,League,,,,,,2,,,,,,,,,,,,,
Coelho,Claudio Coelho,Former,,4,Defensive Midfielders,Right,2025/2026,Winter,2,League,,,,,,1,,,,,,,,,,,,,
Thiago,Thiago Bernardo,Former,,4,Defensive Midfielders,Right,2025/2026,Winter,2,League,,,,,,3,,,,,,,,,,,,,
Lucas,Lucas Mastelaro Cunha,Former,,4,Defensive Midfielders,Right,2025/2026,Winter,2,Cup,,,,,,1,,,,,,,,,,,,,
Diego,Diego Sampaio,Current,8,5,Attacking Midfielders,Right,2025/2026,Winter,2,League,,,,,,10,,,,,,,,,,,,,
Felipe,Felipe Moreira,Current,23,5,Attacking Midfielders,Right,2025/2026,Winter,2,League,,,,,,1,,,,,,,,,,,,,
Diego,Diego Sampaio,Current,8,5,Attacking Midfielders,Right,2025/2026,Winter,2,Cup,,,,,,1,,,,,,,,,,,,,
Felipe,Felipe Moreira,Current,23,5,Attacking Midfielders,Right,2025/2026,Winter,2,Cup,,,,,,1,,,,,,,,,,,,,
Igor,Igor Paiva,Current,16,5,Attacking Midfielders,Right,2025/2026,Winter,2,Cup,,,,,,2,,,,,,,,,,,,,
Juninho,Genelson Junior,Former,,5,Attacking Midfielders,Right,2025/2026,Winter,2,League,,,,,,2,,,,,,,,,,,,,
Sam,Samuel Moura,Current,7,6,Forwards,Right,2025/2026,Winter,2,League,,,,,,5,,,,,,,,,,,,,
Hulk,Andre Pinage,Current,11,6,Forwards,Right,2025/2026,Winter,2,League,,,,,,9,,,,,,,,,,,,,
Tiago,Tiago Fabri Brenck,Current,1,1,Goalkeepers,Right,2025/2026,Spring,3,League,,7,6,564,81,0,0,6,0,0,0,0,0,0,0,4,,,
Osorio,Osorio Araruna Filho,Former,,1,Goalkeepers,Right,2025/2026,Spring,3,League,,3,3,224,75,0,0,8,0,0,0,0,0,0,0,-2,,,
Jeff,Jefferson Tosti,Current,6,2,Full-Backs,Left,2025/2026,Spring,3,League,,9,7,489,54,0,0,0,0,0,1,0,0,0,0,6,,,
Ryan,Ryan Jobb,Current,21,2,Full-Backs,Right,2025/2026,Spring,3,League,,2,0,14,7,0,0,0,0,0,0,0,0,0,0,1,,,
Claudio,Claudio Comunale Filho,Current,17,2,Full-Backs,Left,2025/2026,Spring,3,League,,9,5,484,54,1,1,0,0,0,0,0,0,0,1,1,,,
Leo,Leonardo da Ruiz Correia,Current,2,2,Full-Backs,Right,2025/2026,Spring,3,League,,10,8,678,68,0,1,0,0,0,1,0,0,0,0,0,,,
Tom,Tomas Morais,Current,25,2,Full-Backs,Right,2025/2026,Spring,3,League,,9,3,282,31,0,0,0,0,0,0,0,0,0,0,-4,,,
Adriano,Adriano Brito,Former,,2,Full-Backs,Left,2025/2026,Spring,3,League,,3,1,113,38,0,0,0,0,0,0,0,0,0,0,-1,,,
Dani,Daniel Bruno da Silva,Current,3,3,Defenders,Right,2025/2026,Spring,3,League,,10,9,713,71,0,0,0,0,0,0,0,0,0,0,10,,,
Eliel,Eliel Souza,Current,14,3,Defenders,Right,2025/2026,Spring,3,League,,4,3,111,28,0,0,0,0,0,0,0,0,0,0,2,,,
Renan,Renan Gouveia,Current,4,3,Defenders,Right,2025/2026,Spring,3,League,,3,0,121,40,0,1,0,0,0,0,0,0,0,0,1,,,
Vini,Vinicius Totti,Current,12,3,Defenders,Right,2025/2026,Spring,3,League,,8,8,503,63,0,0,0,0,0,0,0,0,0,0,-6,,,
Bruno,Bruno Santos,Former,,3,Defenders,Right,2025/2026,Spring,3,League,,4,0,171,43,0,1,0,0,0,0,0,0,0,0,2,,,
Giovanni,Giovanni Ferreira dos Santos,Former,,3,Defenders,Right,2025/2026,Spring,3,League,,6,0,197,33,0,0,0,0,0,0,0,0,0,0,-5,,,
Alison,Alison Marangao,Current,10,4,Defensive Midfielders,Right,2025/2026,Spring,3,League,,9,7,613,68,0,2,0,0,0,0,0,0,0,1,0,,,
Giga,Pedro Koster,Current,22,4,Defensive Midfielders,Right,2025/2026,Spring,3,League,,2,0,47,24,0,0,0,0,0,0,0,0,0,0,-1,,,
Vitor,Vitor Samone,Current,5,4,Defensive Midfielders,Right,2025/2026,Spring,3,League,,9,7,534,59,1,0,0,0,0,1,0,0,0,1,2,,,
Gabriel,Gabriel Berenguer Vieira,Former,,4,Defensive Midfielders,Right,2025/2026,Spring,3,League,,7,5,500,71,2,0,0,0,0,0,0,0,0,1,7,,,
Coelho,Claudio Coelho,Former,,4,Defensive Midfielders,Right,2025/2026,Spring,3,League,,9,3,383,43,0,0,0,0,0,0,0,0,0,0,-3,,,
Diego,Diego Sampaio,Current,8,5,Attacking Midfielders,Right,2025/2026,Spring,3,League,,7,5,555,79,4,1,0,0,0,0,0,0,0,2,11,,,
Felipe,Felipe Moreira,Current,23,5,Attacking Midfielders,Right,2025/2026,Spring,3,League,,8,3,267,33,0,2,0,0,0,2,0,0,0,0,2,,,
Igor,Igor Paiva,Current,16,5,Attacking Midfielders,Right,2025/2026,Spring,3,League,,10,8,518,52,1,1,0,0,0,0,0,0,0,0,5,,,
Juninho,Genelson Junior,Former,,5,Attacking Midfielders,Right,2025/2026,Spring,3,League,,6,5,408,68,2,0,0,0,0,2,2,0,0,2,3,,,
Dan,Dan Coutinho,Former,,5,Attacking Midfielders,Right,2025/2026,Spring,3,League,,3,2,145,48,0,0,0,0,0,0,0,0,0,0,-1,,,
Sam,Samuel Moura,Current,7,6,Forwards,Right,2025/2026,Spring,3,League,,7,6,451,64,3,1,0,0,0,0,2,0,0,1,7,,,
P Bayer,Gabriel Lloyd,Current,9,6,Forwards,Right,2025/2026,Spring,3,League,,4,3,201,50,2,1,0,0,0,0,0,0,0,0,0,,,
Hulk,Andre Pinage,Current,11,6,Forwards,Right,2025/2026,Spring,3,League,,4,2,243,61,2,0,0,0,0,0,0,0,0,1,-4,,,
Marcelo,Marcelo Ribeiro,Current,20,6,Forwards,Right,2025/2026,Spring,3,League,,4,0,49,12,0,0,0,0,0,0,0,0,0,0,-5,,,
